{"train/loss/total": 13.712289810180664, "test/loss/total": 13.829456329345703, "train/accuracy/total": 0.09871666878461838, "test/accuracy/total": 0.09799999743700027, "train/loss/0": 2.889172719733324e-06, "test/loss/0": 2.898695811381913e-06, "train/accuracy/0": 1.0, "test/accuracy/0": 1.0, "train/loss/1": 11.671980857849121, "test/loss/1": 11.709491729736328, "train/accuracy/1": 0.0, "test/accuracy/1": 0.0, "train/loss/2": 16.01578140258789, "test/loss/2": 16.05157470703125, "train/accuracy/2": 0.0, "test/accuracy/2": 0.0, "train/loss/3": 15.83324146270752, "test/loss/3": 15.97921085357666, "train/accuracy/3": 0.0, "test/accuracy/3": 0.0, "train/loss/4": 15.38003921508789, "test/loss/4": 15.449318885803223, "train/accuracy/4": 0.0, "test/accuracy/4": 0.0, "train/loss/5": 15.452484130859375, "test/loss/5": 15.62210464477539, "train/accuracy/5": 0.0, "test/accuracy/5": 0.0, "train/loss/6": 16.966554641723633, "test/loss/6": 17.24279022216797, "train/accuracy/6": 0.0, "test/accuracy/6": 0.0, "train/loss/7": 14.081206321716309, "test/loss/7": 14.089228630065918, "train/accuracy/7": 0.0, "test/accuracy/7": 0.0, "train/loss/8": 16.833669662475586, "test/loss/8": 17.056907653808594, "train/accuracy/8": 0.0, "test/accuracy/8": 0.0, "train/loss/9": 15.264841079711914, "test/loss/9": 15.43921184539795, "train/accuracy/9": 0.0, "test/accuracy/9": 0.0, "_timestamp": 1681573248.1686068, "_runtime": 164.54585766792297, "_step": 48, "_wandb": {"runtime": 204}}