{"train/loss/total": -7.684376239776611, "test/loss/total": -7.539536952972412, "train/loss/0": -8.07129955291748, "test/loss/0": -7.055887699127197, "train/loss/1": -8.071491241455078, "test/loss/1": -8.322837829589844, "train/loss/2": -7.3932976722717285, "test/loss/2": -7.327091693878174, "train/loss/3": -7.2004714012146, "test/loss/3": -7.5477213859558105, "train/loss/4": -8.236058235168457, "test/loss/4": -7.710299491882324, "train/loss/5": -7.503192901611328, "test/loss/5": -7.804731845855713, "_timestamp": 1681665165.340182, "_runtime": 103.5439350605011, "_step": 499, "_wandb": {"runtime": 102}}