{"train/loss/total": -4.1630144119262695, "test/loss/total": -2.7143285274505615, "train/loss/0": -4.1226725578308105, "test/loss/0": -2.3148629665374756, "train/loss/1": -3.397028684616089, "test/loss/1": -4.925294399261475, "train/loss/2": -4.340114593505859, "test/loss/2": -3.879451036453247, "train/loss/3": -4.985212802886963, "test/loss/3": -4.435068130493164, "train/loss/4": -5.29226541519165, "test/loss/4": -3.5851376056671143, "train/loss/5": -3.8951117992401123, "test/loss/5": -1.3948880434036255, "_timestamp": 1681678171.318023, "_runtime": 110.66324305534363, "_step": 499, "_wandb": {"runtime": 109}}