{"train/loss/total": 2.312309980392456, "test/loss/total": 2.3125650882720947, "train/accuracy/total": 0.035483334213495255, "test/accuracy/total": 0.03869999945163727, "train/loss/0": 2.2481777667999268, "test/loss/0": 2.2463061809539795, "train/accuracy/0": 0.07074117660522461, "test/accuracy/0": 0.09081632643938065, "train/loss/1": 2.353118419647217, "test/loss/1": 2.352102756500244, "train/accuracy/1": 0.0, "test/accuracy/1": 0.0, "train/loss/2": 2.2902402877807617, "test/loss/2": 2.2860071659088135, "train/accuracy/2": 0.014434373937547207, "test/accuracy/2": 0.00872093066573143, "train/loss/3": 2.357591152191162, "test/loss/3": 2.361840009689331, "train/accuracy/3": 0.0, "test/accuracy/3": 0.0, "train/loss/4": 2.35384464263916, "test/loss/4": 2.3543522357940674, "train/accuracy/4": 0.0, "test/accuracy/4": 0.0, "train/loss/5": 2.2522733211517334, "test/loss/5": 2.254680633544922, "train/accuracy/5": 0.10957387834787369, "test/accuracy/5": 0.1065022423863411, "train/loss/6": 2.290210008621216, "test/loss/6": 2.2897636890411377, "train/accuracy/6": 0.0011828320566564798, "test/accuracy/6": 0.0, "train/loss/7": 2.256023406982422, "test/loss/7": 2.2562317848205566, "train/accuracy/7": 0.05187549814581871, "test/accuracy/7": 0.04474708065390587, "train/loss/8": 2.2497715950012207, "test/loss/8": 2.246309280395508, "train/accuracy/8": 0.11929585039615631, "test/accuracy/8": 0.15195071697235107, "train/loss/9": 2.4620397090911865, "test/loss/9": 2.4637858867645264, "train/accuracy/9": 0.0, "test/accuracy/9": 0.0, "_timestamp": 1681570403.213173, "_runtime": 66.63442182540894, "_step": 0, "_wandb": {"runtime": 284}}