{"train/loss/total": -5.009637832641602, "test/loss/total": -3.1718862056732178, "train/loss/0": -5.331854343414307, "test/loss/0": -2.760547161102295, "train/loss/1": -4.227592945098877, "test/loss/1": -6.223559379577637, "train/loss/2": -5.324896335601807, "test/loss/2": -5.077937602996826, "train/loss/3": -5.700689315795898, "test/loss/3": -5.565104007720947, "train/loss/4": -6.451595306396484, "test/loss/4": -4.4881415367126465, "train/loss/5": -4.485597133636475, "test/loss/5": -1.7308311462402344, "_timestamp": 1681678415.893606, "_runtime": 113.26364803314209, "_step": 499, "_wandb": {"runtime": 111}}