{"train/loss/total": -7.720004558563232, "test/loss/total": -7.6048736572265625, "train/loss/0": -7.784280776977539, "test/loss/0": -7.157556056976318, "train/loss/1": -8.044317245483398, "test/loss/1": -8.147553443908691, "train/loss/2": -7.4843292236328125, "test/loss/2": -7.301662921905518, "train/loss/3": -7.22246789932251, "test/loss/3": -7.570131778717041, "train/loss/4": -8.319013595581055, "test/loss/4": -7.868605136871338, "train/loss/5": -7.728202819824219, "test/loss/5": -8.111577033996582, "_timestamp": 1681664927.241028, "_runtime": 104.5674991607666, "_step": 499, "_wandb": {"runtime": 104}}