{"train/loss/total": 6.0043511390686035, "test/loss/total": 6.075239181518555, "train/accuracy/total": 0.09871666878461838, "test/accuracy/total": 0.09799999743700027, "train/loss/0": 0.008970464579761028, "test/loss/0": 0.009139484725892544, "train/accuracy/0": 1.0, "test/accuracy/0": 1.0, "train/loss/1": 5.280345916748047, "test/loss/1": 5.311570167541504, "train/accuracy/1": 0.0, "test/accuracy/1": 0.0, "train/loss/2": 6.8140034675598145, "test/loss/2": 6.841202735900879, "train/accuracy/2": 0.0, "test/accuracy/2": 0.0, "train/loss/3": 6.557223796844482, "test/loss/3": 6.632018089294434, "train/accuracy/3": 0.0, "test/accuracy/3": 0.0, "train/loss/4": 6.291732311248779, "test/loss/4": 6.337364673614502, "train/accuracy/4": 0.0, "test/accuracy/4": 0.0, "train/loss/5": 6.741972923278809, "test/loss/5": 6.842887878417969, "train/accuracy/5": 0.0, "test/accuracy/5": 0.0, "train/loss/6": 7.238929271697998, "test/loss/6": 7.400330066680908, "train/accuracy/6": 0.0, "test/accuracy/6": 0.0, "train/loss/7": 6.453958034515381, "test/loss/7": 6.467334747314453, "train/accuracy/7": 0.0, "test/accuracy/7": 0.0, "train/loss/8": 7.529482841491699, "test/loss/8": 7.651047229766846, "train/accuracy/8": 0.0, "test/accuracy/8": 0.0, "train/loss/9": 7.2573628425598145, "test/loss/9": 7.372779846191406, "train/accuracy/9": 0.0, "test/accuracy/9": 0.0, "_timestamp": 1681571648.7172384, "_runtime": 322.2322494983673, "_step": 400, "_wandb": {"runtime": 503}}