{"train/loss/total": 0.046790897846221924, "test/loss/total": 0.04663883522152901, "train/accuracy/total": 0.9857166409492493, "test/accuracy/total": 0.9854000210762024, "train/loss/0": 0.02309620939195156, "test/loss/0": 0.02870437316596508, "train/accuracy/0": 0.9925713539123535, "test/accuracy/0": 0.9928571581840515, "train/loss/1": 0.02114378847181797, "test/loss/1": 0.017293572425842285, "train/accuracy/1": 0.9940670132637024, "test/accuracy/1": 0.9947136640548706, "train/loss/2": 0.05861761048436165, "test/loss/2": 0.05839800834655762, "train/accuracy/2": 0.9796911478042603, "test/accuracy/2": 0.9777131676673889, "train/loss/3": 0.047760896384716034, "test/loss/3": 0.031975775957107544, "train/accuracy/3": 0.9848312139511108, "test/accuracy/3": 0.9881188273429871, "train/loss/4": 0.037299904972314835, "test/loss/4": 0.027019919827580452, "train/accuracy/4": 0.991783618927002, "test/accuracy/4": 0.9928717017173767, "train/loss/5": 0.052951160818338394, "test/loss/5": 0.04647303745150566, "train/accuracy/5": 0.9832134246826172, "test/accuracy/5": 0.9910314083099365, "train/loss/6": 0.02071693167090416, "test/loss/6": 0.05027880519628525, "train/accuracy/6": 0.9944238066673279, "test/accuracy/6": 0.982254683971405, "train/loss/7": 0.04010391607880592, "test/loss/7": 0.051799874752759933, "train/accuracy/7": 0.986272931098938, "test/accuracy/7": 0.9824903011322021, "train/loss/8": 0.07035847753286362, "test/loss/8": 0.06637383252382278, "train/accuracy/8": 0.9776106476783752, "test/accuracy/8": 0.9815195202827454, "train/loss/9": 0.10011131316423416, "test/loss/9": 0.09119382500648499, "train/accuracy/9": 0.9714237451553345, "test/accuracy/9": 0.9702675938606262, "_timestamp": 1681588698.7479863, "_runtime": 292.70979142189026, "_step": 13032, "_wandb": {"runtime": 291}}