{"train/loss/total": 2.3013124465942383, "test/loss/total": 2.3012583255767822, "train/accuracy/total": 0.11236666887998581, "test/accuracy/total": 0.11349999904632568, "train/loss/0": 2.3384504318237305, "test/loss/0": 2.3384499549865723, "train/accuracy/0": 0.0, "test/accuracy/0": 0.0, "train/loss/1": 2.1825029850006104, "test/loss/1": 2.1825039386749268, "train/accuracy/1": 1.0, "test/accuracy/1": 1.0, "train/loss/2": 2.336486577987671, "test/loss/2": 2.336486577987671, "train/accuracy/2": 0.0, "test/accuracy/2": 0.0, "train/loss/3": 2.248241424560547, "test/loss/3": 2.248241901397705, "train/accuracy/3": 0.0, "test/accuracy/3": 0.0, "train/loss/4": 2.323791742324829, "test/loss/4": 2.3237922191619873, "train/accuracy/4": 0.0, "test/accuracy/4": 0.0, "train/loss/5": 2.4223170280456543, "test/loss/5": 2.422316789627075, "train/accuracy/5": 0.0, "test/accuracy/5": 0.0, "train/loss/6": 2.3074567317962646, "test/loss/6": 2.307455539703369, "train/accuracy/6": 0.0, "test/accuracy/6": 0.0, "train/loss/7": 2.2639009952545166, "test/loss/7": 2.263901710510254, "train/accuracy/7": 0.0, "test/accuracy/7": 0.0, "train/loss/8": 2.3268861770629883, "test/loss/8": 2.3268866539001465, "train/accuracy/8": 0.0, "test/accuracy/8": 0.0, "train/loss/9": 2.2942428588867188, "test/loss/9": 2.2942423820495605, "train/accuracy/9": 0.0, "test/accuracy/9": 0.0, "_timestamp": 1681579231.3668475, "_runtime": 375.44847440719604, "_step": 13032, "_wandb": {"runtime": 374}}