{"train/loss/total": 5.68206262588501, "test/loss/total": 5.597024440765381, "train/accuracy/total": 0.2610333263874054, "test/accuracy/total": 0.26510000228881836, "train/loss/0": 0.2741100490093231, "test/loss/0": 0.2126268595457077, "train/accuracy/0": 0.911024808883667, "test/accuracy/0": 0.9346938729286194, "train/loss/1": 0.5402770638465881, "test/loss/1": 0.5513165593147278, "train/accuracy/1": 0.7884900569915771, "test/accuracy/1": 0.7797356843948364, "train/loss/2": 0.48335447907447815, "test/loss/2": 0.49239006638526917, "train/accuracy/2": 0.8308157324790955, "test/accuracy/2": 0.8236433863639832, "train/loss/3": 7.51998233795166, "test/loss/3": 7.384718894958496, "train/accuracy/3": 0.0, "test/accuracy/3": 0.0, "train/loss/4": 8.136877059936523, "test/loss/4": 8.063872337341309, "train/accuracy/4": 0.0, "test/accuracy/4": 0.0, "train/loss/5": 7.685423374176025, "test/loss/5": 7.589091777801514, "train/accuracy/5": 0.0, "test/accuracy/5": 0.0, "train/loss/6": 8.461487770080566, "test/loss/6": 8.504810333251953, "train/accuracy/6": 0.0, "test/accuracy/6": 0.0, "train/loss/7": 8.926017761230469, "test/loss/7": 8.89012622833252, "train/accuracy/7": 0.0, "test/accuracy/7": 0.0, "train/loss/8": 7.619974136352539, "test/loss/8": 7.522288799285889, "train/accuracy/8": 0.0, "test/accuracy/8": 0.0, "train/loss/9": 7.882575035095215, "test/loss/9": 7.797667980194092, "train/accuracy/9": 0.0, "test/accuracy/9": 0.0, "_timestamp": 1681576977.4171846, "_runtime": 1808.2915725708008, "_step": 768}