{"train/loss/total": -6.639036178588867, "test/loss/total": -6.4603071212768555, "train/loss/0": -6.012758255004883, "test/loss/0": -5.542924880981445, "train/loss/1": -7.199371814727783, "test/loss/1": -7.233321189880371, "train/loss/2": -7.250321388244629, "test/loss/2": -7.144942283630371, "train/loss/3": -6.760708808898926, "test/loss/3": -7.178243160247803, "train/loss/4": -7.109403133392334, "test/loss/4": -6.737132549285889, "train/loss/5": -6.14895486831665, "test/loss/5": -6.3128981590271, "_timestamp": 1681664765.4614558, "_runtime": 103.81079292297363, "_step": 499, "_wandb": {"runtime": 103}}