{"train/loss/total": -7.598819255828857, "test/loss/total": -7.501107692718506, "train/loss/0": -7.743912220001221, "test/loss/0": -7.005458831787109, "train/loss/1": -8.172412872314453, "test/loss/1": -8.395501136779785, "train/loss/2": -7.55043363571167, "test/loss/2": -7.390414714813232, "train/loss/3": -7.131053447723389, "test/loss/3": -7.5221710205078125, "train/loss/4": -7.956488609313965, "test/loss/4": -7.525632858276367, "train/loss/5": -7.335341453552246, "test/loss/5": -7.697568893432617, "_timestamp": 1681665435.691917, "_runtime": 101.54442095756531, "_step": 499, "_wandb": {"runtime": 100}}