{"train/loss/total": -3.735156536102295, "test/loss/total": -3.701831817626953, "train/loss/0": -2.834163188934326, "test/loss/0": -2.9931235313415527, "train/loss/1": -4.127601146697998, "test/loss/1": -3.9082844257354736, "train/loss/2": -5.722589015960693, "test/loss/2": -5.693437576293945, "train/loss/3": -5.517712116241455, "test/loss/3": -5.858236789703369, "train/loss/4": -4.456441879272461, "test/loss/4": -3.917900800704956, "train/loss/5": -2.9297568798065186, "test/loss/5": -2.994231700897217, "_timestamp": 1681664439.631116, "_runtime": 107.9361629486084, "_step": 499, "_wandb": {"runtime": 107}}