{"train/loss/total": 6.061101913452148, "test/loss/total": 6.1134209632873535, "train/accuracy/total": 0.2092999964952469, "test/accuracy/total": 0.21050000190734863, "train/loss/0": 0.12195900082588196, "test/loss/0": 0.108313649892807, "train/accuracy/0": 0.9859868288040161, "test/accuracy/0": 0.9918367266654968, "train/loss/1": 0.14613313972949982, "test/loss/1": 0.14246003329753876, "train/accuracy/1": 0.9964402318000793, "test/accuracy/1": 0.9982379078865051, "train/loss/2": 7.305769443511963, "test/loss/2": 7.366758823394775, "train/accuracy/2": 0.0, "test/accuracy/2": 0.0, "train/loss/3": 7.602887153625488, "test/loss/3": 7.687355041503906, "train/accuracy/3": 0.0, "test/accuracy/3": 0.0, "train/loss/4": 7.734278202056885, "test/loss/4": 7.763071537017822, "train/accuracy/4": 0.0, "test/accuracy/4": 0.0, "train/loss/5": 7.4377617835998535, "test/loss/5": 7.517547607421875, "train/accuracy/5": 0.0, "test/accuracy/5": 0.0, "train/loss/6": 7.843440532684326, "test/loss/6": 7.977302074432373, "train/accuracy/6": 0.0, "test/accuracy/6": 0.0, "train/loss/7": 7.2577290534973145, "test/loss/7": 7.284789562225342, "train/accuracy/7": 0.0, "test/accuracy/7": 0.0, "train/loss/8": 8.426250457763672, "test/loss/8": 8.520724296569824, "train/accuracy/8": 0.0, "test/accuracy/8": 0.0, "train/loss/9": 7.585239410400391, "test/loss/9": 7.671408176422119, "train/accuracy/9": 0.0, "test/accuracy/9": 0.0, "_timestamp": 1681570237.4832869, "_runtime": 396.31847977638245, "_step": 500, "_wandb": {"runtime": 435}}