{"train/loss/total": 7.7185468673706055, "test/loss/total": 7.797723293304443, "train/accuracy/total": 0.09871666878461838, "test/accuracy/total": 0.09799999743700027, "train/loss/0": 0.0013891736743971705, "test/loss/0": 0.001421408262103796, "train/accuracy/0": 1.0, "test/accuracy/0": 1.0, "train/loss/1": 6.931427478790283, "test/loss/1": 6.968927383422852, "train/accuracy/1": 0.0, "test/accuracy/1": 0.0, "train/loss/2": 9.161187171936035, "test/loss/2": 9.186017990112305, "train/accuracy/2": 0.0, "test/accuracy/2": 0.0, "train/loss/3": 8.639650344848633, "test/loss/3": 8.724970817565918, "train/accuracy/3": 0.0, "test/accuracy/3": 0.0, "train/loss/4": 8.616169929504395, "test/loss/4": 8.66431999206543, "train/accuracy/4": 0.0, "test/accuracy/4": 0.0, "train/loss/5": 8.28231143951416, "test/loss/5": 8.374484062194824, "train/accuracy/5": 0.0, "test/accuracy/5": 0.0, "train/loss/6": 9.185443878173828, "test/loss/6": 9.361891746520996, "train/accuracy/6": 0.0, "test/accuracy/6": 0.0, "train/loss/7": 8.113402366638184, "test/loss/7": 8.13645076751709, "train/accuracy/7": 0.0, "test/accuracy/7": 0.0, "train/loss/8": 9.629454612731934, "test/loss/8": 9.765193939208984, "train/accuracy/8": 0.0, "test/accuracy/8": 0.0, "train/loss/9": 8.75019645690918, "test/loss/9": 8.871411323547363, "train/accuracy/9": 0.0, "test/accuracy/9": 0.0, "_timestamp": 1681569305.0240762, "_runtime": 1008.5804562568665, "_step": 1700, "_wandb": {"runtime": 1537}}