{"train/loss/total": -6.460763931274414, "test/loss/total": -6.384161949157715, "train/loss/0": -5.769373893737793, "test/loss/0": -5.592213153839111, "train/loss/1": -6.912556171417236, "test/loss/1": -6.8884596824646, "train/loss/2": -6.907822132110596, "test/loss/2": -6.853902339935303, "train/loss/3": -6.803781986236572, "test/loss/3": -7.250359058380127, "train/loss/4": -7.381333351135254, "test/loss/4": -7.005463600158691, "train/loss/5": -5.874342918395996, "test/loss/5": -6.009439468383789, "_timestamp": 1681664591.536351, "_runtime": 105.37266707420349, "_step": 499, "_wandb": {"runtime": 104}}