{"train/loss/total": 5.554562568664551, "test/loss/total": 5.551388740539551, "train/accuracy/total": 0.11236666887998581, "test/accuracy/total": 0.11349999904632568, "train/loss/0": 0.9318072199821472, "test/loss/0": 0.9318367838859558, "train/accuracy/0": 0.0, "test/accuracy/0": 0.0, "train/loss/1": 0.5146618485450745, "test/loss/1": 0.5146867036819458, "train/accuracy/1": 1.0, "test/accuracy/1": 1.0, "train/loss/2": 6.818196773529053, "test/loss/2": 6.818430423736572, "train/accuracy/2": 0.0, "test/accuracy/2": 0.0, "train/loss/3": 6.822766304016113, "test/loss/3": 6.822407245635986, "train/accuracy/3": 0.0, "test/accuracy/3": 0.0, "train/loss/4": 6.879135608673096, "test/loss/4": 6.879296779632568, "train/accuracy/4": 0.0, "test/accuracy/4": 0.0, "train/loss/5": 6.819961071014404, "test/loss/5": 6.819512367248535, "train/accuracy/5": 0.0, "test/accuracy/5": 0.0, "train/loss/6": 6.906314849853516, "test/loss/6": 6.906331539154053, "train/accuracy/6": 0.0, "test/accuracy/6": 0.0, "train/loss/7": 6.860874652862549, "test/loss/7": 6.860963344573975, "train/accuracy/7": 0.0, "test/accuracy/7": 0.0, "train/loss/8": 6.850062847137451, "test/loss/8": 6.849786758422852, "train/accuracy/8": 0.0, "test/accuracy/8": 0.0, "train/loss/9": 6.847878932952881, "test/loss/9": 6.8481316566467285, "train/accuracy/9": 0.0, "test/accuracy/9": 0.0, "_timestamp": 1681574603.9308195, "_runtime": 1258.9527275562286, "_step": 290, "_wandb": {"runtime": 1300}}