{"train/loss/total": 4.469995021820068, "test/loss/total": 4.537054538726807, "train/accuracy/total": 0.5785333514213562, "test/accuracy/total": 0.583299994468689, "train/loss/0": 0.04335414245724678, "test/loss/0": 0.0320923812687397, "train/accuracy/0": 0.9876751899719238, "test/accuracy/0": 0.9918367266654968, "train/loss/1": 0.0267476849257946, "test/loss/1": 0.016122283414006233, "train/accuracy/1": 0.991545557975769, "test/accuracy/1": 0.9947136640548706, "train/loss/2": 0.1473795473575592, "test/loss/2": 0.12658725678920746, "train/accuracy/2": 0.9483047723770142, "test/accuracy/2": 0.9573643207550049, "train/loss/3": 0.19667258858680725, "test/loss/3": 0.1664535105228424, "train/accuracy/3": 0.9347577691078186, "test/accuracy/3": 0.9435643553733826, "train/loss/4": 0.03466114401817322, "test/loss/4": 0.03321898728609085, "train/accuracy/4": 0.9909277558326721, "test/accuracy/4": 0.9887983798980713, "train/loss/5": 0.20836181938648224, "test/loss/5": 0.2228526771068573, "train/accuracy/5": 0.9236302971839905, "test/accuracy/5": 0.9192824959754944, "train/loss/6": 12.060982704162598, "test/loss/6": 12.394158363342285, "train/accuracy/6": 0.0, "test/accuracy/6": 0.0, "train/loss/7": 10.292531967163086, "test/loss/7": 10.51058292388916, "train/accuracy/7": 0.0, "test/accuracy/7": 0.0, "train/loss/8": 10.337454795837402, "test/loss/8": 10.504612922668457, "train/accuracy/8": 0.0, "test/accuracy/8": 0.0, "train/loss/9": 11.430931091308594, "test/loss/9": 11.774687767028809, "train/accuracy/9": 0.0, "test/accuracy/9": 0.0, "_timestamp": 1681588158.4689698, "_runtime": 89.77542686462402, "_step": 3912, "_wandb": {"runtime": 331}}