{"train/loss/total": -4.574794769287109, "test/loss/total": -4.897796154022217, "train/loss/0": -3.1249656677246094, "test/loss/0": -3.6189353466033936, "train/loss/1": -4.9415106773376465, "test/loss/1": -5.493567943572998, "train/loss/2": -6.303396224975586, "test/loss/2": -6.1660237312316895, "train/loss/3": -6.613403797149658, "test/loss/3": -6.603364944458008, "train/loss/4": -5.6642279624938965, "test/loss/4": -6.563719749450684, "train/loss/5": -4.4588751792907715, "test/loss/5": -5.473320007324219, "_timestamp": 1681678592.883758, "_runtime": 117.38720202445984, "_step": 499, "_wandb": {"runtime": 116}}