{"train/loss/total": 27.35955810546875, "test/loss/total": 27.596271514892578, "train/accuracy/total": 0.09871666878461838, "test/accuracy/total": 0.09799999743700027, "train/loss/0": 0.0, "test/loss/0": 0.0, "train/accuracy/0": 1.0, "test/accuracy/0": 1.0, "train/loss/1": 24.207866668701172, "test/loss/1": 24.253313064575195, "train/accuracy/1": 0.0, "test/accuracy/1": 0.0, "train/loss/2": 31.99740982055664, "test/loss/2": 32.131591796875, "train/accuracy/2": 0.0, "test/accuracy/2": 0.0, "train/loss/3": 31.21719741821289, "test/loss/3": 31.416893005371094, "train/accuracy/3": 0.0, "test/accuracy/3": 0.0, "train/loss/4": 30.2674617767334, "test/loss/4": 30.378124237060547, "train/accuracy/4": 0.0, "test/accuracy/4": 0.0, "train/loss/5": 30.377456665039062, "test/loss/5": 30.686939239501953, "train/accuracy/5": 0.0, "test/accuracy/5": 0.0, "train/loss/6": 30.99104881286621, "test/loss/6": 31.494686126708984, "train/accuracy/6": 0.0, "test/accuracy/6": 0.0, "train/loss/7": 28.738500595092773, "test/loss/7": 28.793115615844727, "train/accuracy/7": 0.0, "test/accuracy/7": 0.0, "train/loss/8": 33.97849655151367, "test/loss/8": 34.39360427856445, "train/accuracy/8": 0.0, "test/accuracy/8": 0.0, "train/loss/9": 32.370513916015625, "test/loss/9": 32.77471923828125, "train/accuracy/9": 0.0, "test/accuracy/9": 0.0, "_timestamp": 1681575087.8850951, "_runtime": 435.20116901397705, "_step": 168, "_wandb": {"runtime": 478}}