{"train/loss/total": 27.359556198120117, "test/loss/total": 27.596277236938477, "train/accuracy/total": 0.09871666878461838, "test/accuracy/total": 0.09799999743700027, "train/loss/0": 0.0, "test/loss/0": 0.0, "train/accuracy/0": 1.0, "test/accuracy/0": 1.0, "train/loss/1": 24.207853317260742, "test/loss/1": 24.253318786621094, "train/accuracy/1": 0.0, "test/accuracy/1": 0.0, "train/loss/2": 31.997434616088867, "test/loss/2": 32.131591796875, "train/accuracy/2": 0.0, "test/accuracy/2": 0.0, "train/loss/3": 31.217195510864258, "test/loss/3": 31.416894912719727, "train/accuracy/3": 0.0, "test/accuracy/3": 0.0, "train/loss/4": 30.267501831054688, "test/loss/4": 30.378108978271484, "train/accuracy/4": 0.0, "test/accuracy/4": 0.0, "train/loss/5": 30.377464294433594, "test/loss/5": 30.68695068359375, "train/accuracy/5": 0.0, "test/accuracy/5": 0.0, "train/loss/6": 30.990957260131836, "test/loss/6": 31.494699478149414, "train/accuracy/6": 0.0, "test/accuracy/6": 0.0, "train/loss/7": 28.738523483276367, "test/loss/7": 28.793121337890625, "train/accuracy/7": 0.0, "test/accuracy/7": 0.0, "train/loss/8": 33.97848892211914, "test/loss/8": 34.39362335205078, "train/accuracy/8": 0.0, "test/accuracy/8": 0.0, "train/loss/9": 32.370513916015625, "test/loss/9": 32.77471160888672, "train/accuracy/9": 0.0, "test/accuracy/9": 0.0, "_timestamp": 1681574978.6438866, "_runtime": 325.95996046066284, "_step": 120}