{"train/loss/total": 7.7505302808808425, "test/loss/total": 7.822110926206767, "train/accuracy/total": 0.09871666666666666, "test/accuracy/total": 0.098, "train/loss/0": 0.0011709600321136782, "test/loss/0": 0.0011823416552905822, "train/accuracy/0": 1.0, "test/accuracy/0": 1.0, "train/loss/1": 7.132067573915706, "test/loss/1": 7.167803482442175, "train/accuracy/1": 0.0, "test/accuracy/1": 0.0, "train/loss/2": 8.892813568108831, "test/loss/2": 8.917269948379014, "train/accuracy/2": 0.0, "test/accuracy/2": 0.0, "train/loss/3": 8.957365822935937, "test/loss/3": 9.026233615969668, "train/accuracy/3": 0.0, "test/accuracy/3": 0.0, "train/loss/4": 8.329303502791632, "test/loss/4": 8.36842708966397, "train/accuracy/4": 0.0, "test/accuracy/4": 0.0, "train/loss/5": 8.38662272048511, "test/loss/5": 8.476595506539795, "train/accuracy/5": 0.0, "test/accuracy/5": 0.0, "train/loss/6": 9.422074961315824, "test/loss/6": 9.583767282191298, "train/accuracy/6": 0.0, "test/accuracy/6": 0.0, "train/loss/7": 7.94785102660049, "test/loss/7": 7.9615375629194975, "train/accuracy/7": 0.0, "test/accuracy/7": 0.0, "train/loss/8": 9.432461905002675, "test/loss/8": 9.5634671510857, "train/accuracy/8": 0.0, "test/accuracy/8": 0.0, "train/loss/9": 9.106295988246721, "test/loss/9": 9.222923494306853, "train/accuracy/9": 0.0, "test/accuracy/9": 0.0, "_timestamp": 1681565556.390595, "_runtime": 983.1736800670624, "_step": 1900}