{"train/loss/total": -7.853708267211914, "test/loss/total": -7.614516735076904, "train/loss/0": -7.824136734008789, "test/loss/0": -6.973935604095459, "train/loss/1": -8.306502342224121, "test/loss/1": -8.119608879089355, "train/loss/2": -7.400256156921387, "test/loss/2": -7.377904891967773, "train/loss/3": -7.318350315093994, "test/loss/3": -7.64738130569458, "train/loss/4": -8.702383995056152, "test/loss/4": -8.121817588806152, "train/loss/5": -8.106630325317383, "test/loss/5": -8.270296096801758, "_timestamp": 1681664268.836668, "_runtime": 119.03492498397827, "_step": 499, "_wandb": {"runtime": 118}}